[{"id":"1991caa2","settings":{"ang_outer_gap":"wider","content_width":{"unit":"px","size":800,"sizes":[]},"text_align":"center","css_classes":"sk-dark-bg"},"elements":[{"id":"102ba01a","settings":{"_column_size":100,"_inline_size":null,"space_between_widgets":"40"},"elements":[{"id":"3029a383","settings":{"title":"Style Kit setup template","align_mobile":"center","header_size":"h1"},"elements":[],"isInner":false,"widgetType":"heading","elType":"widget"},{"id":"66f4abec","settings":{"title":"A utility template to help you set up your Style Kit","size":"xl","header_size":"span","align_mobile":"center"},"elements":[],"isInner":false,"widgetType":"heading","elType":"widget"},{"id":"7b16e7b0","settings":{"text":"Extra Large Button","size":"xl","align_mobile":"center"},"elements":[],"isInner":false,"widgetType":"button","elType":"widget"}],"isInner":false,"elType":"column"}],"isInner":false,"elType":"section"},{"id":"13da440b","settings":{"ang_outer_gap":"default","structure":"30","border_width":{"unit":"px","top":"1","right":"0","bottom":"0","left":"0","isLinked":false},"border_color":"rgba(12,12,12,0.18)"},"elements":[{"id":"35fb799","settings":{"_column_size":33,"_inline_size":null,"_inline_size_tablet":100,"padding":{"unit":"px","top":"0","right":"0","bottom":"0","left":"0","isLinked":true}},"elements":[{"id":"5dda58da","settings":{"content_position":"middle","structure":"20"},"elements":[{"id":"5edac606","settings":{"_column_size":50,"_inline_size":40,"border_radius":{"unit":"px","top":"5","right":"5","bottom":"5","left":"5","isLinked":true},"css_classes":"sk-primary-bg"},"elements":[{"id":"251ef00c","settings":{"space":{"unit":"px","size":100,"sizes":[]}},"elements":[],"isInner":false,"widgetType":"spacer","elType":"widget"}],"isInner":true,"elType":"column"},{"id":"1d21592f","settings":{"_column_size":50,"_inline_size":59.996},"elements":[{"id":"2df56802","settings":{"title":"Primary \/ Links \/ Icons color","header_size":"p"},"elements":[],"isInner":false,"widgetType":"heading","elType":"widget"}],"isInner":true,"elType":"column"}],"isInner":true,"elType":"section"},{"id":"432fcfda","settings":{"content_position":"middle","structure":"20","margin":{"unit":"px","top":"20","right":0,"bottom":"0","left":0,"isLinked":false}},"elements":[{"id":"7b000bf0","settings":{"_column_size":50,"_inline_size":40,"border_radius":{"unit":"px","top":"5","right":"5","bottom":"5","left":"5","isLinked":true},"css_classes":"sk-secondary-bg"},"elements":[{"id":"76458965","settings":{"space":{"unit":"px","size":100,"sizes":[]}},"elements":[],"isInner":false,"widgetType":"spacer","elType":"widget"}],"isInner":true,"elType":"column"},{"id":"73618eac","settings":{"_column_size":50,"_inline_size":59.996},"elements":[{"id":"1ec82510","settings":{"title":"Secondary \/ button color","header_size":"p"},"elements":[],"isInner":false,"widgetType":"heading","elType":"widget"}],"isInner":true,"elType":"column"}],"isInner":true,"elType":"section"}],"isInner":false,"elType":"column"},{"id":"285861d0","settings":{"_column_size":33,"_inline_size":null,"_inline_size_tablet":100,"padding":{"unit":"px","top":"0","right":"0","bottom":"0","left":"0","isLinked":true}},"elements":[{"id":"411e085d","settings":{"content_position":"middle","structure":"20"},"elements":[{"id":"593f70c","settings":{"_column_size":50,"_inline_size":40,"border_radius":{"unit":"px","top":"5","right":"5","bottom":"5","left":"5","isLinked":true},"css_classes":"sk-dark-bg","border_width":{"unit":"px","top":"2","right":"2","bottom":"2","left":"2","isLinked":true},"border_color":"rgba(255, 255, 255, 0.14)"},"elements":[{"id":"545d527a","settings":{"space":{"unit":"px","size":100,"sizes":[]}},"elements":[],"isInner":false,"widgetType":"spacer","elType":"widget"}],"isInner":true,"elType":"column"},{"id":"895af8b","settings":{"_column_size":50,"_inline_size":59.996},"elements":[{"id":"1595b403","settings":{"title":"Dark Background Color","header_size":"p"},"elements":[],"isInner":false,"widgetType":"heading","elType":"widget"}],"isInner":true,"elType":"column"}],"isInner":true,"elType":"section"},{"id":"7848f631","settings":{"content_position":"middle","structure":"20","margin":{"unit":"px","top":"20","right":0,"bottom":"0","left":0,"isLinked":false}},"elements":[{"id":"20385246","settings":{"_column_size":50,"_inline_size":40,"border_radius":{"unit":"px","top":"5","right":"5","bottom":"5","left":"5","isLinked":true},"css_classes":"sk-light-bg"},"elements":[{"id":"7b94ec31","settings":{"space":{"unit":"px","size":100,"sizes":[]}},"elements":[],"isInner":false,"widgetType":"spacer","elType":"widget"}],"isInner":true,"elType":"column"},{"id":"600e03b1","settings":{"_column_size":50,"_inline_size":59.996},"elements":[{"id":"eb78aae","settings":{"title":"Light Background Color","header_size":"p"},"elements":[],"isInner":false,"widgetType":"heading","elType":"widget"}],"isInner":true,"elType":"column"}],"isInner":true,"elType":"section"},{"id":"288bf107","settings":{"content_position":"middle","structure":"20","margin":{"unit":"px","top":"20","right":0,"bottom":"0","left":0,"isLinked":false}},"elements":[{"id":"73931aa8","settings":{"_column_size":50,"_inline_size":40,"border_radius":{"unit":"px","top":"5","right":"5","bottom":"5","left":"5","isLinked":true},"css_classes":"sk-accent-bg"},"elements":[{"id":"5522f6bd","settings":{"space":{"unit":"px","size":100,"sizes":[]}},"elements":[],"isInner":false,"widgetType":"spacer","elType":"widget"}],"isInner":true,"elType":"column"},{"id":"4d801703","settings":{"_column_size":50,"_inline_size":59.996},"elements":[{"id":"1e11249f","settings":{"title":"Accent Background Color","header_size":"p"},"elements":[],"isInner":false,"widgetType":"heading","elType":"widget"}],"isInner":true,"elType":"column"}],"isInner":true,"elType":"section"}],"isInner":false,"elType":"column"},{"id":"7103ea67","settings":{"_column_size":33,"_inline_size":null},"elements":[{"id":"4f7c2e09","settings":{"title":"Color","size":"small","header_size":"p","typography_typography":"custom","typography_font_weight":"bold","typography_text_transform":"uppercase"},"elements":[],"isInner":false,"widgetType":"heading","elType":"widget"},{"id":"c26c84a","settings":{"title":"Style Kit Colors"},"elements":[],"isInner":false,"widgetType":"heading","elType":"widget"},{"id":"2e9a87a8","settings":{"editor":"<p>Manage the essential colour system of your layouts through the <b>Main Colours<\/b> Style Kits tab.<\/p>"},"elements":[],"isInner":false,"widgetType":"text-editor","elType":"widget"}],"isInner":false,"elType":"column"}],"isInner":false,"elType":"section"},{"id":"181d71ec","settings":{"ang_outer_gap":"default","structure":"20","border_border":"dashed","border_width":{"unit":"px","top":"5","right":"0","bottom":"0","left":"0","isLinked":false},"border_color":"rgba(2, 1, 1, 0.07)","border_radius":{"unit":"px","top":"0","right":"0","bottom":"0","left":"0","isLinked":false}},"elements":[{"id":"2959103d","settings":{"_column_size":"50"},"elements":[{"id":"6455af33","settings":{"title":"Typography","size":"small","header_size":"p","typography_typography":"custom","typography_font_weight":"bold","typography_text_transform":"uppercase"},"elements":[],"isInner":false,"widgetType":"heading","elType":"widget"},{"id":"7124074a","settings":{"title":"Heading 1","header_size":"h1"},"elements":[],"isInner":false,"widgetType":"heading","elType":"widget"},{"id":"5df54de1","settings":{"editor":"<p>In Style Kits you have complete flexibility of the Typographic styles. Adjust the styles for the Body and Headings typography panels in Style Kits.<\/p>"},"elements":[],"isInner":false,"widgetType":"text-editor","elType":"widget"},{"id":"2666a06a","settings":{"selected_icon":{"value":"fas fa-arrow-right","library":"fa-solid"},"title_text":"Feature Heading 3","description_text":"An example with an icon box","title_bottom_space":{"unit":"px","size":5},"_background_background":"classic","icon_size":{"unit":"px","size":20},"text_align":"left","view":"stacked","position":"left","icon_space":{"unit":"px","size":20,"sizes":[]}},"elements":[],"isInner":false,"widgetType":"icon-box","elType":"widget"},{"id":"7d8b7c38","settings":{"text":"Medium Button","size":"md"},"elements":[],"isInner":false,"widgetType":"button","elType":"widget"}],"isInner":false,"elType":"column"},{"id":"3bc61633","settings":{"_column_size":"50"},"elements":[{"id":"845b569","settings":{"title":"This is Heading 2"},"elements":[],"isInner":false,"widgetType":"heading","elType":"widget"},{"id":"2d5ec00","settings":{"editor":"<p>Go to the Style Kit panel, and manage the whole typography on this layout via a number of useful controls. You can also set up your Buttons and Column Gaps.\u00a0<\/p>"},"elements":[],"isInner":false,"widgetType":"text-editor","elType":"widget"},{"id":"1976a056","settings":{"title":"This is Heading 3","header_size":"h3"},"elements":[],"isInner":false,"widgetType":"heading","elType":"widget"},{"id":"5ee43655","settings":{"title":"This is Heading 4","header_size":"h4"},"elements":[],"isInner":false,"widgetType":"heading","elType":"widget"},{"id":"71f9f385","settings":{"title":"This is Heading 5","header_size":"h5"},"elements":[],"isInner":false,"widgetType":"heading","elType":"widget"},{"id":"52b50fef","settings":{"title":"This is Heading 6","header_size":"h6"},"elements":[],"isInner":false,"widgetType":"heading","elType":"widget"}],"isInner":false,"elType":"column"}],"isInner":false,"elType":"section"},{"id":"1ed76b45","settings":{"css_classes":"sk-dark-bg","ang_outer_gap":"default","structure":"20"},"elements":[{"id":"55a388a","settings":{"_column_size":"50"},"elements":[{"id":"2bee8d2c","settings":{"title":"Typography","size":"small","header_size":"p","typography_typography":"custom","typography_font_weight":"bold","typography_text_transform":"uppercase"},"elements":[],"isInner":false,"widgetType":"heading","elType":"widget"},{"id":"4663a204","settings":{"title":"Heading 1","header_size":"h1"},"elements":[],"isInner":false,"widgetType":"heading","elType":"widget"},{"id":"7b39df22","settings":{"editor":"<p>This section uses the sk-dark-bg class. Handy if you want to see how the typography colours look over a dark background context.<\/p>"},"elements":[],"isInner":false,"widgetType":"text-editor","elType":"widget"},{"id":"ca974f5","settings":{"selected_icon":{"value":"fas fa-arrow-right","library":"fa-solid"},"title_text":"Feature Heading 3","description_text":"An example with an icon box","title_bottom_space":{"unit":"px","size":5},"_background_background":"classic","icon_size":{"unit":"px","size":20},"text_align":"left","view":"stacked","position":"left","icon_space":{"unit":"px","size":20,"sizes":[]}},"elements":[],"isInner":false,"widgetType":"icon-box","elType":"widget"},{"id":"7945cbc1","settings":{"text":"Medium Button","size":"md"},"elements":[],"isInner":false,"widgetType":"button","elType":"widget"}],"isInner":false,"elType":"column"},{"id":"50e797cd","settings":{"_column_size":"50"},"elements":[{"id":"2d0284ee","settings":{"title":"This is Heading 2"},"elements":[],"isInner":false,"widgetType":"heading","elType":"widget"},{"id":"5eed87fe","settings":{"editor":"<p>Go to the Style Kit panel, and manage the whole typography on this layout via a number of useful controls. You can also set up your Buttons and Column Gaps.\u00a0<\/p>"},"elements":[],"isInner":false,"widgetType":"text-editor","elType":"widget"},{"id":"46527b39","settings":{"title":"This is Heading 3","header_size":"h3"},"elements":[],"isInner":false,"widgetType":"heading","elType":"widget"},{"id":"b0adcdb","settings":{"title":"This is Heading 4","header_size":"h4"},"elements":[],"isInner":false,"widgetType":"heading","elType":"widget"},{"id":"5512086b","settings":{"title":"This is Heading 5","header_size":"h5"},"elements":[],"isInner":false,"widgetType":"heading","elType":"widget"},{"id":"14844fd","settings":{"title":"This is Heading 6","header_size":"h6"},"elements":[],"isInner":false,"widgetType":"heading","elType":"widget"}],"isInner":false,"elType":"column"}],"isInner":false,"elType":"section"},{"id":"31de101f","settings":{"ang_outer_gap":"default","structure":"20","border_width":{"unit":"px","top":"5","right":"0","bottom":"0","left":"0","isLinked":false},"border_color":"rgba(2, 1, 1, 0.07)","border_radius":{"unit":"px","top":"0","right":"0","bottom":"0","left":"0","isLinked":false}},"elements":[{"id":"6039b2eb","settings":{"_column_size":50,"_inline_size":null},"elements":[{"id":"204414f5","settings":{"title":"This is XXL Text","size":"xxl","header_size":"p"},"elements":[],"isInner":false,"widgetType":"heading","elType":"widget"},{"id":"578bdf15","settings":{"title":"This is XL Text","header_size":"p","size":"xl"},"elements":[],"isInner":false,"widgetType":"heading","elType":"widget"},{"id":"abd1add","settings":{"title":"This is Large Text","header_size":"p","size":"large"},"elements":[],"isInner":false,"widgetType":"heading","elType":"widget"},{"id":"781d8b44","settings":{"title":"This is Medium Text","header_size":"p","size":"medium"},"elements":[],"isInner":false,"widgetType":"heading","elType":"widget"},{"id":"77d43101","settings":{"title":"This is Small Text","header_size":"p","size":"small"},"elements":[],"isInner":false,"widgetType":"heading","elType":"widget"}],"isInner":false,"elType":"column"},{"id":"5a9a8696","settings":{"_column_size":50,"_inline_size":null},"elements":[{"id":"1f56b135","settings":{"title":"Heading Sizes","size":"small","header_size":"p","typography_typography":"custom","typography_font_weight":"bold","typography_text_transform":"uppercase"},"elements":[],"isInner":false,"widgetType":"heading","elType":"widget"},{"id":"13d3f05c","settings":{"title":"XXL Heading","size":"xxl","header_size":"h1"},"elements":[],"isInner":false,"widgetType":"heading","elType":"widget"},{"id":"63f6785b","settings":{"title":"XL Heading","size":"xl"},"elements":[],"isInner":false,"widgetType":"heading","elType":"widget"},{"id":"a503fb7","settings":{"title":"Large Heading","size":"large"},"elements":[],"isInner":false,"widgetType":"heading","elType":"widget"},{"id":"24a1288a","settings":{"title":"MEdium Heading","size":"medium"},"elements":[],"isInner":false,"widgetType":"heading","elType":"widget"},{"id":"474a0eb7","settings":{"title":"Small Heading","size":"small"},"elements":[],"isInner":false,"widgetType":"heading","elType":"widget"}],"isInner":false,"elType":"column"}],"isInner":false,"elType":"section"},{"id":"3de1fafa","settings":{"background_background":"classic","ang_outer_gap":"default","structure":"20","gap":"extended","css_classes":"sk-light-bg"},"elements":[{"id":"b6be183","settings":{"_column_size":50,"_inline_size":null},"elements":[{"id":"137e8ec9","settings":{"title":"Buttons","size":"small","header_size":"p","typography_typography":"custom","typography_font_weight":"bold","typography_text_transform":"uppercase"},"elements":[],"isInner":false,"widgetType":"heading","elType":"widget"},{"id":"1e52e95b","settings":{"title":"Button Styles"},"elements":[],"isInner":false,"widgetType":"heading","elType":"widget"},{"id":"9d421b2","settings":{"selected_icon":{"value":"fas fa-check","library":"fa-solid"},"title_text":"Dynamic button style control","description_text":"Head over to the Style Kits panel, and open the Buttons tab to customise the style of each button size.","title_bottom_space":{"unit":"px","size":"10"},"_background_background":"classic","icon_size":{"unit":"px","size":20},"view":"stacked","position":"left"},"elements":[],"isInner":false,"widgetType":"icon-box","elType":"widget"}],"isInner":false,"elType":"column"},{"id":"719af019","settings":{"_column_size":50,"_inline_size":null,"background_background":"classic","background_color":"#FFFFFF"},"elements":[{"id":"523d47cd","settings":{"text":"Extra Large","size":"xl"},"elements":[],"isInner":false,"widgetType":"button","elType":"widget"},{"id":"666719c0","settings":{"text":"Large Button","size":"lg"},"elements":[],"isInner":false,"widgetType":"button","elType":"widget"},{"id":"2fff81fc","settings":{"text":"Medium button","size":"md"},"elements":[],"isInner":false,"widgetType":"button","elType":"widget"},{"id":"7c59d508","settings":{"text":"Small button"},"elements":[],"isInner":false,"widgetType":"button","elType":"widget"},{"id":"13ef484a","settings":{"text":"XS button","size":"xs"},"elements":[],"isInner":false,"widgetType":"button","elType":"widget"}],"isInner":false,"elType":"column"}],"isInner":false,"elType":"section"},{"id":"4ccac895","settings":{"css_classes":"sk-accent-bg","ang_outer_gap":"default","content_width":{"unit":"px","size":700,"sizes":[]},"text_align":"center"},"elements":[{"id":"4e1d5d31","settings":{"_column_size":100,"_inline_size":null},"elements":[{"id":"5f277c6b","settings":{"title":"Accent background","header_size":"h1"},"elements":[],"isInner":false,"widgetType":"heading","elType":"widget"},{"id":"7d3c355a","settings":{"title":"Here's a section with an accent background colour class. ","size":"xxl","header_size":"p"},"elements":[],"isInner":false,"widgetType":"heading","elType":"widget"}],"isInner":false,"elType":"column"}],"isInner":false,"elType":"section"},{"id":"57376cfe","settings":{"background_background":"classic","ang_outer_gap":"default","structure":"20","content_width":{"unit":"px","size":800,"sizes":[]},"gap":"extended"},"elements":[{"id":"41e8edc5","settings":{"_column_size":50,"_inline_size":null},"elements":[{"id":"73ae63c6","settings":{"title":"Forms","size":"small","header_size":"p","typography_typography":"custom","typography_font_weight":"bold","typography_text_transform":"uppercase"},"elements":[],"isInner":false,"widgetType":"heading","elType":"widget"},{"id":"459fe026","settings":{"title":"Contact Form Style"},"elements":[],"isInner":false,"widgetType":"heading","elType":"widget"},{"id":"4753f94a","settings":{"title":"You can change the default styles of the Elementor form by customising the Forms panel in the Style Kit sidebar.","header_size":"p"},"elements":[],"isInner":false,"widgetType":"heading","elType":"widget"}],"isInner":false,"elType":"column"},{"id":"2f1659b7","settings":{"_column_size":50,"_inline_size":null},"elements":[{"id":"60c0b578","settings":{"form_name":"New Form","form_fields":[{"custom_id":"name","field_type":"text","field_label":"Name","placeholder":"Name","width":"100","_id":"7f0bc3f","required":"","field_options":"","allow_multiple":"","select_size":"","inline_list":"","field_html":"","width_tablet":"","width_mobile":"","rows":4,"recaptcha_size":"normal","recaptcha_style":"light","recaptcha_badge":"bottomright","css_classes":"","field_value":""},{"custom_id":"email","field_type":"email","required":"true","field_label":"Email","placeholder":"Email","width":"100","_id":"359129c","field_options":"","allow_multiple":"","select_size":"","inline_list":"","field_html":"","width_tablet":"","width_mobile":"","rows":4,"recaptcha_size":"normal","recaptcha_style":"light","recaptcha_badge":"bottomright","css_classes":"","field_value":""},{"custom_id":"message","field_type":"textarea","field_label":"Message","placeholder":"Message","width":"100","_id":"7ba9346","required":"","field_options":"","allow_multiple":"","select_size":"","inline_list":"","field_html":"","width_tablet":"","width_mobile":"","rows":4,"recaptcha_size":"normal","recaptcha_style":"light","recaptcha_badge":"bottomright","css_classes":"","field_value":""}],"input_size":"lg","button_text":"Send","button_size":"lg","email_content":"[all-fields]","email_content_2":"[all-fields]","success_message":"The form was sent successfully.","error_message":"An error occured.","required_field_message":"This field is required.","invalid_message":"There's something wrong. The form is invalid."},"elements":[],"isInner":false,"widgetType":"form","elType":"widget"}],"isInner":false,"elType":"column"}],"isInner":false,"elType":"section"},{"id":"733cd0d0","settings":{"ang_outer_gap":"default","border_width":{"unit":"px","top":"1","right":"0","bottom":"0","left":"0","isLinked":false},"border_color":"rgba(12,12,12,0.18)","gap":"no","css_classes":"sk-light-bg"},"elements":[{"id":"102483bd","settings":{"_column_size":100,"_inline_size":null,"_inline_size_tablet":100},"elements":[{"id":"63f283ea","settings":{"structure":"20"},"elements":[{"id":"3a419c42","settings":{"_column_size":50,"_inline_size":null},"elements":[{"id":"5a95bc0c","settings":{"title":"Default Column Gap"},"elements":[],"isInner":false,"widgetType":"heading","elType":"widget"}],"isInner":true,"elType":"column"},{"id":"ae2df37","settings":{"_column_size":50,"_inline_size":null},"elements":[{"id":"5900e588","settings":{"title":"The Default column Gap defines the default padding of the columns in your Elementor Layouts. ","header_size":"p"},"elements":[],"isInner":false,"widgetType":"heading","elType":"widget"}],"isInner":true,"elType":"column"}],"isInner":true,"elType":"section"},{"id":"1a8d3cc9","settings":{"structure":"40"},"elements":[{"id":"88db81e","settings":{"_column_size":25,"_inline_size":null,"background_background":"classic","border_border":"dashed","border_width":{"unit":"px","top":"0","right":"3","bottom":"0","left":"0","isLinked":false},"border_width_mobile":{"unit":"px","top":"0","right":"0","bottom":"3","left":"0","isLinked":false},"border_color":"rgba(46,191,244,0.51)"},"elements":[{"id":"242fae6c","settings":{"space":{"unit":"px","size":200,"sizes":[]},"_background_background":"classic","_background_color":"rgba(255,48,48,0.17)"},"elements":[],"isInner":false,"widgetType":"spacer","elType":"widget"}],"isInner":true,"elType":"column"},{"id":"5bdd9793","settings":{"_column_size":25,"_inline_size":null,"background_background":"classic","border_border":"dashed","border_width":{"unit":"px","top":"0","right":"3","bottom":"0","left":"0","isLinked":false},"border_width_mobile":{"unit":"px","top":"0","right":"0","bottom":"3","left":"0","isLinked":false},"border_color":"rgba(46,191,244,0.51)"},"elements":[{"id":"3962cce9","settings":{"space":{"unit":"px","size":200,"sizes":[]},"_background_background":"classic","_background_color":"rgba(255,48,48,0.17)"},"elements":[],"isInner":false,"widgetType":"spacer","elType":"widget"}],"isInner":true,"elType":"column"},{"id":"1c0c86fc","settings":{"_column_size":25,"_inline_size":null,"background_background":"classic","border_border":"dashed","border_width":{"unit":"px","top":"0","right":"3","bottom":"0","left":"0","isLinked":false},"border_width_mobile":{"unit":"px","top":"0","right":"0","bottom":"3","left":"0","isLinked":false},"border_color":"rgba(46,191,244,0.51)"},"elements":[{"id":"1c25ca9f","settings":{"space":{"unit":"px","size":200,"sizes":[]},"_background_background":"classic","_background_color":"rgba(255,48,48,0.17)"},"elements":[],"isInner":false,"widgetType":"spacer","elType":"widget"}],"isInner":true,"elType":"column"},{"id":"21d5471e","settings":{"_column_size":25,"_inline_size":null,"background_background":"classic"},"elements":[{"id":"72af5300","settings":{"space":{"unit":"px","size":200,"sizes":[]},"_background_background":"classic","_background_color":"rgba(255,48,48,0.17)"},"elements":[],"isInner":false,"widgetType":"spacer","elType":"widget"}],"isInner":true,"elType":"column"}],"isInner":true,"elType":"section"}],"isInner":false,"elType":"column"}],"isInner":false,"elType":"section"}]
